AV Name,Detection,AV Version,Malware Name,AV Updated Date
ZoneAlarm: version: 1.0, detected: True,  20180507,  Trojan-Ransom.Win32.Scatter.ur}, Avast: version: 18.3.3860.0, detected: True,  20180507,  Win32:Rootkit-gen [Rtk]}, DrWeb: version: 7.0.28.2020, detected: True,  20180507,  Trojan.Encoder.11429}, Fortinet: version: 5.4.247.0, detected: True,  20180507,  W32/Scatter.UR!tr}, AVG: version: 18.3.3860.0, detected: True,  20180507,  Win32:Rootkit-gen [Rtk]}, K7AntiVirus: version: 10.45.27048, detected: True,  20180507,  Trojan ( 0050db271 )}, Babable: version: 9107201, detected: False,  20180406,  None}, Zillya: version: 2.0.0.3549, detected: True,  20180504,  Trojan.Filecoder.Win32.5243}, Kaspersky: version: 15.0.1.13, detected: True,  20180507,  Trojan-Ransom.Win32.Scatter.ur}, Bkav: version: 1.3.0.9466, detected: False,  20180504,  None}, Cyren: version: 6.0.0.4, detected: True,  20180507,  W32/Trojan.XEQX-8149}, NANO-Antivirus: version: 1.0.106.22618, detected: True,  20180506,  Trojan.Win32.Scatter.fadfmp}, SUPERAntiSpyware: version: 5.6.0.1032, detected: True,  20180506,  Ransom.Jaff/Variant}, nProtect: version: 2018-05-07.01, detected: True,  20180507,  Ransom/W32.Scatter.176128}, F-Prot: version: 4.7.1.166, detected: True,  20180507,  W32/RansomJaff.B}, TheHacker: version: 6.8.0.5.2767, detected: True,  20180504,  Trojan/Filecoder.Jaff.a}, Avast-Mobile: version: 180506-00, detected: False,  20180506,  None}, Qihoo-360: version: 1.0.0.1120, detected: True,  20180507,  Trojan.Generic}, ALYac: version: 1.1.1.5, detected: True,  20180506,  Trojan.Ransom.Jaff}, MicroWorld-eScan: version: 14.0.297.0, detected: True,  20180507,  Trojan.GenericKD.5076515}, AegisLab: version: 4.2, detected: True,  20180507,  Troj.Ransom.W32!c}, ESET-NOD32: version: 17341, detected: True,  20180506,  Win32/Filecoder.Jaff.A}, Panda: version: 4.6.4.2, detected: True,  20180506,  Trj/WLT.C}, Rising: version: 25.0.0.1, detected: True,  20180507,  Ransom.Scatter!8.139C (KTSE)}, Sophos: version: 4.98.0, detected: True,  20180507,  Troj/Ransom-ELT}, VIPRE: version: 66494, detected: True,  20180507,  Trojan.Win32.Generic!BT}, Microsoft: version: 1.1.14800.3, detected: True,  20180506,  Ransom:Win32/Jaffrans.A}, Antiy-AVL: version: 3.0.0.1, detected: True,  20180507,  Trojan[Ransom]/Win32.Scatter}, Yandex: version: 5.5.1.3, detected: True,  20180506,  Trojan.Scatter!}, AVware: version: 1.5.0.42, detected: True,  20180428,  Trojan.Win32.Generic!BT}, Webroot: version: 1.0.0.403, detected: True,  20180507,  W32.Trojan.Ransom}, Jiangmin: version: 16.0.100, detected: True,  20180507,  Trojan.Scatter.ef}, Symantec: version: 1.5.0.0, detected: True,  20180505,  Ransom.Cryptolocker}, Avira: version: 8.3.3.6, detected: True,  20180506,  TR/FileCoder.57843}, AhnLab-V3: version: 3.12.1.20782, detected: True,  20180506,  Trojan/Win32.Ransom.C1954839}, CMC: version: 1.1.0.977, detected: True,  20180506,  Trojan-Ransom.Win32!O}, McAfee: version: 6.0.6.653, detected: True,  20180507,  Generic.abu}, Kingsoft: version: 2013.8.14.323, detected: False,  20180507,  None}, CAT-QuickHeal: version: 14.00, detected: True,  20180506,  Ransom.JAFF.A4}, Comodo: version: None, detected: False,  20180506,  None}, Arcabit: version: 1.0.0.831, detected: True,  20180507,  Trojan.Generic.D4D7623}, Paloalto: version: 1.0, detected: True,  20180507,  generic.ml}, F-Secure: version: 11.0.19100.45, detected: True,  20180507,  Trojan.GenericKD.5076515}, Endgame: version: 2.1.1, detected: True,  20180504,  malicious (high confidence)}, Ikarus: version: 0.1.5.2, detected: True,  20180506,  Trojan-Ransom.Jaff}, Emsisoft: version: 4.0.2.899, detected: True,  20180507,  Trojan.GenericKD.5076515 (B)}, ClamAV: version: 0.99.2.0, detected: False,  20180506,  None}, TotalDefense: version: 37.1.62.1, detected: False,  20180506,  None}, MAX: version: 2017.11.15.1, detected: True,  20180507,  malware (ai score=100)}, McAfee-GW-Edition: version: v2017.2786, detected: True,  20180506,  Generic.abu}, TrendMicro: version: 10.0.0.1040, detected: True,  20180507,  Ransom_CRYPJAFF.SM}, BitDefender: version: 7.2, detected: True,  20180507,  Trojan.GenericKD.5076515}, TrendMicro-HouseCall: version: 9.950.0.1006, detected: True,  20180507,  Ransom_CRYPJAFF.SM}, CrowdStrike: version: 1.0, detected: True,  20180418,  malicious_confidence_100% (W)}, Tencent: version: 1.0.0.1, detected: True,  20180507,  Win32.Trojan.Raas.Auto}, eGambit: version: v4.3.5, detected: False,  20180507,  None}, Zoner: version: 1.0, detected: True,  20180506,  Trojan.Scatter}, Invincea: version: 6.3.4.26036, detected: True,  20180503,  heuristic}, K7GW: version: 10.45.27047, detected: True,  20180506,  Trojan ( 0050db271 )}, VBA32: version: 3.12.28.0, detected: True,  20180504,  SScope.TrojanRansom.WannaCry}, GData: version: A:25.16962B:25.12201, detected: True,  20180507,  Win32.Trojan-Ransom.Jaff.C}, Malwarebytes: version: 2.1.1.1115, detected: True,  20180507,  Ransom.Jaff}, Ad-Aware: version: 3.0.5.370, detected: True,  20180507,  Trojan.GenericKD.5076515}, Cylance: version: 2.3.1.101, detected: True,  20180507,  Unsafe}, Baidu: version: 1.0.0.2, detected: False,  20180503,  None}, SentinelOne: version: 1.0.15.206, detected: False,  20180225,  None}, ViRobot: version: 2014.3.20.0, detected: True,  20180506,  Trojan.Win32.Jaff.176128

AV Name,Detection,AV Version,Malware Name,AV Updated Date
BitDefender: version: 7.2,  Trojan.GenericKD.5076515,  20180507, detected: True}, CrowdStrike: version: 1.0,  malicious_confidence_100% (W),  20180418, detected: True}, AegisLab: version: 4.2,  Troj.Ransom.W32!c,  20180507, detected: True}, nProtect: version: 2018-05-07.01,  Ransom/W32.Scatter.176128,  20180507, detected: True}, Rising: version: 25.0.0.1,  Ransom.Scatter!8.139C (KTSE),  20180507, detected: True}, Tencent: version: 1.0.0.1,  Win32.Trojan.Raas.Auto,  20180507, detected: True}, Microsoft: version: 1.1.14800.3,  Ransom:Win32/Jaffrans.A,  20180506, detected: True}, TrendMicro-HouseCall: version: 9.950.0.1006,  Ransom_CRYPJAFF.SM,  20180507, detected: True}, Avast: version: 18.3.3860.0,  Win32:Rootkit-gen [Rtk],  20180507, detected: True}, Webroot: version: 1.0.0.403,  W32.Trojan.Ransom,  20180507, detected: True}, K7AntiVirus: version: 10.45.27048,  Trojan ( 0050db271 ),  20180507, detected: True}, eGambit: version: v4.3.5,  None,  20180507, detected: False}, AhnLab-V3: version: 3.12.1.20782,  Trojan/Win32.Ransom.C1954839,  20180506, detected: True}, AVware: version: 1.5.0.42,  Trojan.Win32.Generic!BT,  20180428, detected: True}, TrendMicro: version: 10.0.0.1040,  Ransom_CRYPJAFF.SM,  20180507, detected: True}, MAX: version: 2017.11.15.1,  malware (ai score=100),  20180507, detected: True}, AVG: version: 18.3.3860.0,  Win32:Rootkit-gen [Rtk],  20180507, detected: True}, Antiy-AVL: version: 3.0.0.1,  Trojan[Ransom]/Win32.Scatter,  20180507, detected: True}, Ikarus: version: 0.1.5.2,  Trojan-Ransom.Jaff,  20180506, detected: True}, F-Secure: version: 11.0.19100.45,  Trojan.GenericKD.5076515,  20180507, detected: True}, Malwarebytes: version: 2.1.1.1115,  Ransom.Jaff,  20180507, detected: True}, Qihoo-360: version: 1.0.0.1120,  Trojan.Generic,  20180507, detected: True}, ViRobot: version: 2014.3.20.0,  Trojan.Win32.Jaff.176128,  20180506, detected: True}, Fortinet: version: 5.4.247.0,  W32/Scatter.UR!tr,  20180507, detected: True}, VBA32: version: 3.12.28.0,  SScope.TrojanRansom.WannaCry,  20180504, detected: True}, Bkav: version: 1.3.0.9466,  None,  20180504, detected: False}, ESET-NOD32: version: 17341,  Win32/Filecoder.Jaff.A,  20180506, detected: True}, CAT-QuickHeal: version: 14.00,  Ransom.JAFF.A4,  20180506, detected: True}, TheHacker: version: 6.8.0.5.2767,  Trojan/Filecoder.Jaff.a,  20180504, detected: True}, Yandex: version: 5.5.1.3,  Trojan.Scatter!,  20180506, detected: True}, VIPRE: version: 66494,  Trojan.Win32.Generic!BT,  20180507, detected: True}, McAfee-GW-Edition: version: v2017.2786,  Generic.abu,  20180506, detected: True}, ALYac: version: 1.1.1.5,  Trojan.Ransom.Jaff,  20180506, detected: True}, GData: version: A:25.16962B:25.12201,  Win32.Trojan-Ransom.Jaff.C,  20180507, detected: True}, TotalDefense: version: 37.1.62.1,  None,  20180506, detected: False}, F-Prot: version: 4.7.1.166,  W32/RansomJaff.B,  20180507, detected: True}, McAfee: version: 6.0.6.653,  Generic.abu,  20180507, detected: True}, K7GW: version: 10.45.27047,  Trojan ( 0050db271 ),  20180506, detected: True}, Babable: version: 9107201,  None,  20180406, detected: False}, ZoneAlarm: version: 1.0,  Trojan-Ransom.Win32.Scatter.ur,  20180507, detected: True}, Zoner: version: 1.0,  Trojan.Scatter,  20180506, detected: True}, Emsisoft: version: 4.0.2.899,  Trojan.GenericKD.5076515 (B),  20180507, detected: True}, CMC: version: 1.1.0.977,  Trojan-Ransom.Win32!O,  20180506, detected: True}, Arcabit: version: 1.0.0.831,  Trojan.Generic.D4D7623,  20180507, detected: True}, Kingsoft: version: 2013.8.14.323,  None,  20180507, detected: False}, SUPERAntiSpyware: version: 5.6.0.1032,  Ransom.Jaff/Variant,  20180506, detected: True}, Invincea: version: 6.3.4.26036,  heuristic,  20180503, detected: True}, Paloalto: version: 1.0,  generic.ml,  20180507, detected: True}, Endgame: version: 2.1.1,  malicious (high confidence),  20180504, detected: True}, MicroWorld-eScan: version: 14.0.297.0,  Trojan.GenericKD.5076515,  20180507, detected: True}, Kaspersky: version: 15.0.1.13,  Trojan-Ransom.Win32.Scatter.ur,  20180507, detected: True}, Zillya: version: 2.0.0.3549,  Trojan.Filecoder.Win32.5243,  20180504, detected: True}, Avast-Mobile: version: 180506-00,  None,  20180506, detected: False}, Comodo: version: None,  None,  20180506, detected: False}, Sophos: version: 4.98.0,  Troj/Ransom-ELT,  20180507, detected: True}, ClamAV: version: 0.99.2.0,  None,  20180506, detected: False}, Avira: version: 8.3.3.6,  TR/FileCoder.57843,  20180506, detected: True}, Cylance: version: 2.3.1.101,  Unsafe,  20180507, detected: True}, SentinelOne: version: 1.0.15.206,  None,  20180225, detected: False}, Panda: version: 4.6.4.2,  Trj/WLT.C,  20180506, detected: True}, Jiangmin: version: 16.0.100,  Trojan.Scatter.ef,  20180507, detected: True}, Ad-Aware: version: 3.0.5.370,  Trojan.GenericKD.5076515,  20180507, detected: True}, NANO-Antivirus: version: 1.0.106.22618,  Trojan.Win32.Scatter.fadfmp,  20180506, detected: True}, DrWeb: version: 7.0.28.2020,  Trojan.Encoder.11429,  20180507, detected: True}, Symantec: version: 1.5.0.0,  Ransom.Cryptolocker,  20180505, detected: True}, Baidu: version: 1.0.0.2,  None,  20180503, detected: False}, Cyren: version: 6.0.0.4,  W32/Trojan.XEQX-8149,  20180507, detected: True

AV Name,Detection,AV Version,Malware Name,AV Updated Date
VBA32:  20180504, version: 3.12.28.0,  SScope.TrojanRansom.WannaCry, detected: True}, Symantec:  20180505, version: 1.5.0.0,  Ransom.Cryptolocker, detected: True}, TrendMicro:  20180507, version: 10.0.0.1040,  Ransom_CRYPJAFF.SM, detected: True}, SUPERAntiSpyware:  20180506, version: 5.6.0.1032,  Ransom.Jaff/Variant, detected: True}, McAfee:  20180507, version: 6.0.6.653,  Generic.abu, detected: True}, ViRobot:  20180506, version: 2014.3.20.0,  Trojan.Win32.Jaff.176128, detected: True}, VIPRE:  20180507, version: 66494,  Trojan.Win32.Generic!BT, detected: True}, AVG:  20180507, version: 18.3.3860.0,  Win32:Rootkit-gen [Rtk], detected: True}, CMC:  20180506, version: 1.1.0.977,  Trojan-Ransom.Win32!O, detected: True}, ESET-NOD32:  20180506, version: 17341,  Win32/Filecoder.Jaff.A, detected: True}, Fortinet:  20180507, version: 5.4.247.0,  W32/Scatter.UR!tr, detected: True}, ClamAV:  20180506, version: 0.99.2.0,  None, detected: False}, Panda:  20180506, version: 4.6.4.2,  Trj/WLT.C, detected: True}, AhnLab-V3:  20180506, version: 3.12.1.20782,  Trojan/Win32.Ransom.C1954839, detected: True}, Cyren:  20180507, version: 6.0.0.4,  W32/Trojan.XEQX-8149, detected: True}, AegisLab:  20180507, version: 4.2,  Troj.Ransom.W32!c, detected: True}, Baidu:  20180503, version: 1.0.0.2,  None, detected: False}, K7GW:  20180506, version: 10.45.27047,  Trojan ( 0050db271 ), detected: True}, CAT-QuickHeal:  20180506, version: 14.00,  Ransom.JAFF.A4, detected: True}, GData:  20180507, version: A:25.16962B:25.12201,  Win32.Trojan-Ransom.Jaff.C, detected: True}, Ikarus:  20180506, version: 0.1.5.2,  Trojan-Ransom.Jaff, detected: True}, Yandex:  20180506, version: 5.5.1.3,  Trojan.Scatter!, detected: True}, Zoner:  20180506, version: 1.0,  Trojan.Scatter, detected: True}, AVware:  20180428, version: 1.5.0.42,  Trojan.Win32.Generic!BT, detected: True}, MicroWorld-eScan:  20180507, version: 14.0.297.0,  Trojan.GenericKD.5076515, detected: True}, Microsoft:  20180506, version: 1.1.14800.3,  Ransom:Win32/Jaffrans.A, detected: True}, nProtect:  20180507, version: 2018-05-07.01,  Ransom/W32.Scatter.176128, detected: True}, Webroot:  20180507, version: 1.0.0.403,  W32.Trojan.Ransom, detected: True}, Kingsoft:  20180507, version: 2013.8.14.323,  None, detected: False}, Qihoo-360:  20180507, version: 1.0.0.1120,  Trojan.Generic, detected: True}, Paloalto:  20180507, version: 1.0,  generic.ml, detected: True}, Emsisoft:  20180507, version: 4.0.2.899,  Trojan.GenericKD.5076515 (B), detected: True}, MAX:  20180507, version: 2017.11.15.1,  malware (ai score=100), detected: True}, Endgame:  20180504, version: 2.1.1,  malicious (high confidence), detected: True}, Malwarebytes:  20180507, version: 2.1.1.1115,  Ransom.Jaff, detected: True}, Zillya:  20180504, version: 2.0.0.3549,  Trojan.Filecoder.Win32.5243, detected: True}, NANO-Antivirus:  20180506, version: 1.0.106.22618,  Trojan.Win32.Scatter.fadfmp, detected: True}, ZoneAlarm:  20180507, version: 1.0,  Trojan-Ransom.Win32.Scatter.ur, detected: True}, Sophos:  20180507, version: 4.98.0,  Troj/Ransom-ELT, detected: True}, DrWeb:  20180507, version: 7.0.28.2020,  Trojan.Encoder.11429, detected: True}, Avast:  20180507, version: 18.3.3860.0,  Win32:Rootkit-gen [Rtk], detected: True}, Tencent:  20180507, version: 1.0.0.1,  Win32.Trojan.Raas.Auto, detected: True}, TheHacker:  20180504, version: 6.8.0.5.2767,  Trojan/Filecoder.Jaff.a, detected: True}, Rising:  20180507, version: 25.0.0.1,  Ransom.Scatter!8.139C (KTSE), detected: True}, Ad-Aware:  20180507, version: 3.0.5.370,  Trojan.GenericKD.5076515, detected: True}, ALYac:  20180506, version: 1.1.1.5,  Trojan.Ransom.Jaff, detected: True}, SentinelOne:  20180225, version: 1.0.15.206,  None, detected: False}, K7AntiVirus:  20180507, version: 10.45.27048,  Trojan ( 0050db271 ), detected: True}, Antiy-AVL:  20180507, version: 3.0.0.1,  Trojan[Ransom]/Win32.Scatter, detected: True}, TotalDefense:  20180506, version: 37.1.62.1,  None, detected: False}, BitDefender:  20180507, version: 7.2,  Trojan.GenericKD.5076515, detected: True}, Invincea:  20180503, version: 6.3.4.26036,  heuristic, detected: True}, TrendMicro-HouseCall:  20180507, version: 9.950.0.1006,  Ransom_CRYPJAFF.SM, detected: True}, Arcabit:  20180507, version: 1.0.0.831,  Trojan.Generic.D4D7623, detected: True}, Bkav:  20180504, version: 1.3.0.9466,  None, detected: False}, Jiangmin:  20180507, version: 16.0.100,  Trojan.Scatter.ef, detected: True}, Avira:  20180506, version: 8.3.3.6,  TR/FileCoder.57843, detected: True}, F-Prot:  20180507, version: 4.7.1.166,  W32/RansomJaff.B, detected: True}, Babable:  20180406, version: 9107201,  None, detected: False}, Kaspersky:  20180507, version: 15.0.1.13,  Trojan-Ransom.Win32.Scatter.ur, detected: True}, Avast-Mobile:  20180506, version: 180506-00,  None, detected: False}, F-Secure:  20180507, version: 11.0.19100.45,  Trojan.GenericKD.5076515, detected: True}, Cylance:  20180507, version: 2.3.1.101,  Unsafe, detected: True}, CrowdStrike:  20180418, version: 1.0,  malicious_confidence_100% (W), detected: True}, eGambit:  20180507, version: v4.3.5,  None, detected: False}, McAfee-GW-Edition:  20180506, version: v2017.2786,  Generic.abu, detected: True}, Comodo:  20180506, version: None,  None, detected: False

AV Name,Detection,AV Version,Malware Name,AV Updated Date
Rising: detected: True, version: 25.0.0.1,  Ransom.Scatter!8.139C (KTSE),  20180507}, AVware: detected: True, version: 1.5.0.42,  Trojan.Win32.Generic!BT,  20180428}, AhnLab-V3: detected: True, version: 3.12.1.20782,  Trojan/Win32.Ransom.C1954839,  20180506}, TotalDefense: detected: False, version: 37.1.62.1,  None,  20180506}, Endgame: detected: True, version: 2.1.1,  malicious (high confidence),  20180504}, CrowdStrike: detected: True, version: 1.0,  malicious_confidence_100% (W),  20180418}, GData: detected: True, version: A:25.16962B:25.12201,  Win32.Trojan-Ransom.Jaff.C,  20180507}, ClamAV: detected: False, version: 0.99.2.0,  None,  20180506}, Malwarebytes: detected: True, version: 2.1.1.1115,  Ransom.Jaff,  20180507}, Arcabit: detected: True, version: 1.0.0.831,  Trojan.Generic.D4D7623,  20180507}, MicroWorld-eScan: detected: True, version: 14.0.297.0,  Trojan.GenericKD.5076515,  20180507}, eGambit: detected: False, version: v4.3.5,  None,  20180507}, CMC: detected: True, version: 1.1.0.977,  Trojan-Ransom.Win32!O,  20180506}, Kaspersky: detected: True, version: 15.0.1.13,  Trojan-Ransom.Win32.Scatter.ur,  20180507}, DrWeb: detected: True, version: 7.0.28.2020,  Trojan.Encoder.11429,  20180507}, Ad-Aware: detected: True, version: 3.0.5.370,  Trojan.GenericKD.5076515,  20180507}, Qihoo-360: detected: True, version: 1.0.0.1120,  Trojan.Generic,  20180507}, Microsoft: detected: True, version: 1.1.14800.3,  Ransom:Win32/Jaffrans.A,  20180506}, Babable: detected: False, version: 9107201,  None,  20180406}, Panda: detected: True, version: 4.6.4.2,  Trj/WLT.C,  20180506}, VIPRE: detected: True, version: 66494,  Trojan.Win32.Generic!BT,  20180507}, F-Prot: detected: True, version: 4.7.1.166,  W32/RansomJaff.B,  20180507}, Jiangmin: detected: True, version: 16.0.100,  Trojan.Scatter.ef,  20180507}, Ikarus: detected: True, version: 0.1.5.2,  Trojan-Ransom.Jaff,  20180506}, Bkav: detected: False, version: 1.3.0.9466,  None,  20180504}, Tencent: detected: True, version: 1.0.0.1,  Win32.Trojan.Raas.Auto,  20180507}, Avira: detected: True, version: 8.3.3.6,  TR/FileCoder.57843,  20180506}, Fortinet: detected: True, version: 5.4.247.0,  W32/Scatter.UR!tr,  20180507}, Baidu: detected: False, version: 1.0.0.2,  None,  20180503}, TheHacker: detected: True, version: 6.8.0.5.2767,  Trojan/Filecoder.Jaff.a,  20180504}, F-Secure: detected: True, version: 11.0.19100.45,  Trojan.GenericKD.5076515,  20180507}, Symantec: detected: True, version: 1.5.0.0,  Ransom.Cryptolocker,  20180505}, K7GW: detected: True, version: 10.45.27047,  Trojan ( 0050db271 ),  20180506}, Comodo: detected: False, version: None,  None,  20180506}, K7AntiVirus: detected: True, version: 10.45.27048,  Trojan ( 0050db271 ),  20180507}, Avast-Mobile: detected: False, version: 180506-00,  None,  20180506}, ZoneAlarm: detected: True, version: 1.0,  Trojan-Ransom.Win32.Scatter.ur,  20180507}, TrendMicro: detected: True, version: 10.0.0.1040,  Ransom_CRYPJAFF.SM,  20180507}, Emsisoft: detected: True, version: 4.0.2.899,  Trojan.GenericKD.5076515 (B),  20180507}, McAfee: detected: True, version: 6.0.6.653,  Generic.abu,  20180507}, BitDefender: detected: True, version: 7.2,  Trojan.GenericKD.5076515,  20180507}, Invincea: detected: True, version: 6.3.4.26036,  heuristic,  20180503}, AegisLab: detected: True, version: 4.2,  Troj.Ransom.W32!c,  20180507}, CAT-QuickHeal: detected: True, version: 14.00,  Ransom.JAFF.A4,  20180506}, Zoner: detected: True, version: 1.0,  Trojan.Scatter,  20180506}, Paloalto: detected: True, version: 1.0,  generic.ml,  20180507}, AVG: detected: True, version: 18.3.3860.0,  Win32:Rootkit-gen [Rtk],  20180507}, Zillya: detected: True, version: 2.0.0.3549,  Trojan.Filecoder.Win32.5243,  20180504}, Yandex: detected: True, version: 5.5.1.3,  Trojan.Scatter!,  20180506}, ViRobot: detected: True, version: 2014.3.20.0,  Trojan.Win32.Jaff.176128,  20180506}, VBA32: detected: True, version: 3.12.28.0,  SScope.TrojanRansom.WannaCry,  20180504}, Antiy-AVL: detected: True, version: 3.0.0.1,  Trojan[Ransom]/Win32.Scatter,  20180507}, Cyren: detected: True, version: 6.0.0.4,  W32/Trojan.XEQX-8149,  20180507}, Kingsoft: detected: False, version: 2013.8.14.323,  None,  20180507}, Cylance: detected: True, version: 2.3.1.101,  Unsafe,  20180507}, Avast: detected: True, version: 18.3.3860.0,  Win32:Rootkit-gen [Rtk],  20180507}, nProtect: detected: True, version: 2018-05-07.01,  Ransom/W32.Scatter.176128,  20180507}, TrendMicro-HouseCall: detected: True, version: 9.950.0.1006,  Ransom_CRYPJAFF.SM,  20180507}, Webroot: detected: True, version: 1.0.0.403,  W32.Trojan.Ransom,  20180507}, McAfee-GW-Edition: detected: True, version: v2017.2786,  Generic.abu,  20180506}, ALYac: detected: True, version: 1.1.1.5,  Trojan.Ransom.Jaff,  20180506}, MAX: detected: True, version: 2017.11.15.1,  malware (ai score=100),  20180507}, ESET-NOD32: detected: True, version: 17341,  Win32/Filecoder.Jaff.A,  20180506}, NANO-Antivirus: detected: True, version: 1.0.106.22618,  Trojan.Win32.Scatter.fadfmp,  20180506}, SUPERAntiSpyware: detected: True, version: 5.6.0.1032,  Ransom.Jaff/Variant,  20180506}, SentinelOne: detected: False, version: 1.0.15.206,  None,  20180225}, Sophos: detected: True, version: 4.98.0,  Troj/Ransom-ELT,  20180507

AV Name,Detection,AV Version,Malware Name,AV Updated Date
Rising: detected: True, version: 25.0.0.1,  Ransom.Scatter!8.139C (KTSE),  20180507}, AVware: detected: True, version: 1.5.0.42,  Trojan.Win32.Generic!BT,  20180428}, AhnLab-V3: detected: True, version: 3.12.1.20782,  Trojan/Win32.Ransom.C1954839,  20180506}, TotalDefense: detected: False, version: 37.1.62.1,  None,  20180506}, Endgame: detected: True, version: 2.1.1,  malicious (high confidence),  20180504}, CrowdStrike: detected: True, version: 1.0,  malicious_confidence_100% (W),  20180418}, GData: detected: True, version: A:25.16962B:25.12201,  Win32.Trojan-Ransom.Jaff.C,  20180507}, ClamAV: detected: False, version: 0.99.2.0,  None,  20180506}, Malwarebytes: detected: True, version: 2.1.1.1115,  Ransom.Jaff,  20180507}, Arcabit: detected: True, version: 1.0.0.831,  Trojan.Generic.D4D7623,  20180507}, MicroWorld-eScan: detected: True, version: 14.0.297.0,  Trojan.GenericKD.5076515,  20180507}, eGambit: detected: False, version: v4.3.5,  None,  20180507}, CMC: detected: True, version: 1.1.0.977,  Trojan-Ransom.Win32!O,  20180506}, Kaspersky: detected: True, version: 15.0.1.13,  Trojan-Ransom.Win32.Scatter.ur,  20180507}, DrWeb: detected: True, version: 7.0.28.2020,  Trojan.Encoder.11429,  20180507}, Ad-Aware: detected: True, version: 3.0.5.370,  Trojan.GenericKD.5076515,  20180507}, Qihoo-360: detected: True, version: 1.0.0.1120,  Trojan.Generic,  20180507}, Microsoft: detected: True, version: 1.1.14800.3,  Ransom:Win32/Jaffrans.A,  20180506}, Babable: detected: False, version: 9107201,  None,  20180406}, Panda: detected: True, version: 4.6.4.2,  Trj/WLT.C,  20180506}, VIPRE: detected: True, version: 66494,  Trojan.Win32.Generic!BT,  20180507}, F-Prot: detected: True, version: 4.7.1.166,  W32/RansomJaff.B,  20180507}, Jiangmin: detected: True, version: 16.0.100,  Trojan.Scatter.ef,  20180507}, Ikarus: detected: True, version: 0.1.5.2,  Trojan-Ransom.Jaff,  20180506}, Bkav: detected: False, version: 1.3.0.9466,  None,  20180504}, Tencent: detected: True, version: 1.0.0.1,  Win32.Trojan.Raas.Auto,  20180507}, Avira: detected: True, version: 8.3.3.6,  TR/FileCoder.57843,  20180506}, Fortinet: detected: True, version: 5.4.247.0,  W32/Scatter.UR!tr,  20180507}, Baidu: detected: False, version: 1.0.0.2,  None,  20180503}, TheHacker: detected: True, version: 6.8.0.5.2767,  Trojan/Filecoder.Jaff.a,  20180504}, F-Secure: detected: True, version: 11.0.19100.45,  Trojan.GenericKD.5076515,  20180507}, Symantec: detected: True, version: 1.5.0.0,  Ransom.Cryptolocker,  20180505}, K7GW: detected: True, version: 10.45.27047,  Trojan ( 0050db271 ),  20180506}, Comodo: detected: False, version: None,  None,  20180506}, K7AntiVirus: detected: True, version: 10.45.27048,  Trojan ( 0050db271 ),  20180507}, Avast-Mobile: detected: False, version: 180506-00,  None,  20180506}, ZoneAlarm: detected: True, version: 1.0,  Trojan-Ransom.Win32.Scatter.ur,  20180507}, TrendMicro: detected: True, version: 10.0.0.1040,  Ransom_CRYPJAFF.SM,  20180507}, Emsisoft: detected: True, version: 4.0.2.899,  Trojan.GenericKD.5076515 (B),  20180507}, McAfee: detected: True, version: 6.0.6.653,  Generic.abu,  20180507}, BitDefender: detected: True, version: 7.2,  Trojan.GenericKD.5076515,  20180507}, Invincea: detected: True, version: 6.3.4.26036,  heuristic,  20180503}, AegisLab: detected: True, version: 4.2,  Troj.Ransom.W32!c,  20180507}, CAT-QuickHeal: detected: True, version: 14.00,  Ransom.JAFF.A4,  20180506}, Zoner: detected: True, version: 1.0,  Trojan.Scatter,  20180506}, Paloalto: detected: True, version: 1.0,  generic.ml,  20180507}, AVG: detected: True, version: 18.3.3860.0,  Win32:Rootkit-gen [Rtk],  20180507}, Zillya: detected: True, version: 2.0.0.3549,  Trojan.Filecoder.Win32.5243,  20180504}, Yandex: detected: True, version: 5.5.1.3,  Trojan.Scatter!,  20180506}, ViRobot: detected: True, version: 2014.3.20.0,  Trojan.Win32.Jaff.176128,  20180506}, VBA32: detected: True, version: 3.12.28.0,  SScope.TrojanRansom.WannaCry,  20180504}, Antiy-AVL: detected: True, version: 3.0.0.1,  Trojan[Ransom]/Win32.Scatter,  20180507}, Cyren: detected: True, version: 6.0.0.4,  W32/Trojan.XEQX-8149,  20180507}, Kingsoft: detected: False, version: 2013.8.14.323,  None,  20180507}, Cylance: detected: True, version: 2.3.1.101,  Unsafe,  20180507}, Avast: detected: True, version: 18.3.3860.0,  Win32:Rootkit-gen [Rtk],  20180507}, nProtect: detected: True, version: 2018-05-07.01,  Ransom/W32.Scatter.176128,  20180507}, TrendMicro-HouseCall: detected: True, version: 9.950.0.1006,  Ransom_CRYPJAFF.SM,  20180507}, Webroot: detected: True, version: 1.0.0.403,  W32.Trojan.Ransom,  20180507}, McAfee-GW-Edition: detected: True, version: v2017.2786,  Generic.abu,  20180506}, ALYac: detected: True, version: 1.1.1.5,  Trojan.Ransom.Jaff,  20180506}, MAX: detected: True, version: 2017.11.15.1,  malware (ai score=100),  20180507}, ESET-NOD32: detected: True, version: 17341,  Win32/Filecoder.Jaff.A,  20180506}, NANO-Antivirus: detected: True, version: 1.0.106.22618,  Trojan.Win32.Scatter.fadfmp,  20180506}, SUPERAntiSpyware: detected: True, version: 5.6.0.1032,  Ransom.Jaff/Variant,  20180506}, SentinelOne: detected: False, version: 1.0.15.206,  None,  20180225}, Sophos: detected: True, version: 4.98.0,  Troj/Ransom-ELT,  20180507

AV Name,Detection,AV Version,Malware Name,AV Updated Date
Rising: detected: True, version: 25.0.0.1,  Ransom.Scatter!8.139C (KTSE),  20180507}, AVware: detected: True, version: 1.5.0.42,  Trojan.Win32.Generic!BT,  20180428}, AhnLab-V3: detected: True, version: 3.12.1.20782,  Trojan/Win32.Ransom.C1954839,  20180506}, TotalDefense: detected: False, version: 37.1.62.1,  None,  20180506}, Endgame: detected: True, version: 2.1.1,  malicious (high confidence),  20180504}, CrowdStrike: detected: True, version: 1.0,  malicious_confidence_100% (W),  20180418}, GData: detected: True, version: A:25.16962B:25.12201,  Win32.Trojan-Ransom.Jaff.C,  20180507}, ClamAV: detected: False, version: 0.99.2.0,  None,  20180506}, Malwarebytes: detected: True, version: 2.1.1.1115,  Ransom.Jaff,  20180507}, Arcabit: detected: True, version: 1.0.0.831,  Trojan.Generic.D4D7623,  20180507}, MicroWorld-eScan: detected: True, version: 14.0.297.0,  Trojan.GenericKD.5076515,  20180507}, eGambit: detected: False, version: v4.3.5,  None,  20180507}, CMC: detected: True, version: 1.1.0.977,  Trojan-Ransom.Win32!O,  20180506}, Kaspersky: detected: True, version: 15.0.1.13,  Trojan-Ransom.Win32.Scatter.ur,  20180507}, DrWeb: detected: True, version: 7.0.28.2020,  Trojan.Encoder.11429,  20180507}, Ad-Aware: detected: True, version: 3.0.5.370,  Trojan.GenericKD.5076515,  20180507}, Qihoo-360: detected: True, version: 1.0.0.1120,  Trojan.Generic,  20180507}, Microsoft: detected: True, version: 1.1.14800.3,  Ransom:Win32/Jaffrans.A,  20180506}, Babable: detected: False, version: 9107201,  None,  20180406}, Panda: detected: True, version: 4.6.4.2,  Trj/WLT.C,  20180506}, VIPRE: detected: True, version: 66494,  Trojan.Win32.Generic!BT,  20180507}, F-Prot: detected: True, version: 4.7.1.166,  W32/RansomJaff.B,  20180507}, Jiangmin: detected: True, version: 16.0.100,  Trojan.Scatter.ef,  20180507}, Ikarus: detected: True, version: 0.1.5.2,  Trojan-Ransom.Jaff,  20180506}, Bkav: detected: False, version: 1.3.0.9466,  None,  20180504}, Tencent: detected: True, version: 1.0.0.1,  Win32.Trojan.Raas.Auto,  20180507}, Avira: detected: True, version: 8.3.3.6,  TR/FileCoder.57843,  20180506}, Fortinet: detected: True, version: 5.4.247.0,  W32/Scatter.UR!tr,  20180507}, Baidu: detected: False, version: 1.0.0.2,  None,  20180503}, TheHacker: detected: True, version: 6.8.0.5.2767,  Trojan/Filecoder.Jaff.a,  20180504}, F-Secure: detected: True, version: 11.0.19100.45,  Trojan.GenericKD.5076515,  20180507}, Symantec: detected: True, version: 1.5.0.0,  Ransom.Cryptolocker,  20180505}, K7GW: detected: True, version: 10.45.27047,  Trojan ( 0050db271 ),  20180506}, Comodo: detected: False, version: None,  None,  20180506}, K7AntiVirus: detected: True, version: 10.45.27048,  Trojan ( 0050db271 ),  20180507}, Avast-Mobile: detected: False, version: 180506-00,  None,  20180506}, ZoneAlarm: detected: True, version: 1.0,  Trojan-Ransom.Win32.Scatter.ur,  20180507}, TrendMicro: detected: True, version: 10.0.0.1040,  Ransom_CRYPJAFF.SM,  20180507}, Emsisoft: detected: True, version: 4.0.2.899,  Trojan.GenericKD.5076515 (B),  20180507}, McAfee: detected: True, version: 6.0.6.653,  Generic.abu,  20180507}, BitDefender: detected: True, version: 7.2,  Trojan.GenericKD.5076515,  20180507}, Invincea: detected: True, version: 6.3.4.26036,  heuristic,  20180503}, AegisLab: detected: True, version: 4.2,  Troj.Ransom.W32!c,  20180507}, CAT-QuickHeal: detected: True, version: 14.00,  Ransom.JAFF.A4,  20180506}, Zoner: detected: True, version: 1.0,  Trojan.Scatter,  20180506}, Paloalto: detected: True, version: 1.0,  generic.ml,  20180507}, AVG: detected: True, version: 18.3.3860.0,  Win32:Rootkit-gen [Rtk],  20180507}, Zillya: detected: True, version: 2.0.0.3549,  Trojan.Filecoder.Win32.5243,  20180504}, Yandex: detected: True, version: 5.5.1.3,  Trojan.Scatter!,  20180506}, ViRobot: detected: True, version: 2014.3.20.0,  Trojan.Win32.Jaff.176128,  20180506}, VBA32: detected: True, version: 3.12.28.0,  SScope.TrojanRansom.WannaCry,  20180504}, Antiy-AVL: detected: True, version: 3.0.0.1,  Trojan[Ransom]/Win32.Scatter,  20180507}, Cyren: detected: True, version: 6.0.0.4,  W32/Trojan.XEQX-8149,  20180507}, Kingsoft: detected: False, version: 2013.8.14.323,  None,  20180507}, Cylance: detected: True, version: 2.3.1.101,  Unsafe,  20180507}, Avast: detected: True, version: 18.3.3860.0,  Win32:Rootkit-gen [Rtk],  20180507}, nProtect: detected: True, version: 2018-05-07.01,  Ransom/W32.Scatter.176128,  20180507}, TrendMicro-HouseCall: detected: True, version: 9.950.0.1006,  Ransom_CRYPJAFF.SM,  20180507}, Webroot: detected: True, version: 1.0.0.403,  W32.Trojan.Ransom,  20180507}, McAfee-GW-Edition: detected: True, version: v2017.2786,  Generic.abu,  20180506}, ALYac: detected: True, version: 1.1.1.5,  Trojan.Ransom.Jaff,  20180506}, MAX: detected: True, version: 2017.11.15.1,  malware (ai score=100),  20180507}, ESET-NOD32: detected: True, version: 17341,  Win32/Filecoder.Jaff.A,  20180506}, NANO-Antivirus: detected: True, version: 1.0.106.22618,  Trojan.Win32.Scatter.fadfmp,  20180506}, SUPERAntiSpyware: detected: True, version: 5.6.0.1032,  Ransom.Jaff/Variant,  20180506}, SentinelOne: detected: False, version: 1.0.15.206,  None,  20180225}, Sophos: detected: True, version: 4.98.0,  Troj/Ransom-ELT,  20180507

AV Name,Detection,AV Version,Malware Name,AV Updated Date
ALYac:  20180506, detected: True, version: 1.1.1.5,  Trojan.Ransom.Jaff}, CrowdStrike:  20180418, detected: True, version: 1.0,  malicious_confidence_100% (W)}, SUPERAntiSpyware:  20180506, detected: True, version: 5.6.0.1032,  Ransom.Jaff/Variant}, ESET-NOD32:  20180506, detected: True, version: 17341,  Win32/Filecoder.Jaff.A}, Arcabit:  20180507, detected: True, version: 1.0.0.831,  Trojan.Generic.D4D7623}, Avira:  20180506, detected: True, version: 8.3.3.6,  TR/FileCoder.57843}, ClamAV:  20180506, detected: False, version: 0.99.2.0,  None}, Tencent:  20180507, detected: True, version: 1.0.0.1,  Win32.Trojan.Raas.Auto}, Zillya:  20180504, detected: True, version: 2.0.0.3549,  Trojan.Filecoder.Win32.5243}, F-Secure:  20180507, detected: True, version: 11.0.19100.45,  Trojan.GenericKD.5076515}, Cyren:  20180507, detected: True, version: 6.0.0.4,  W32/Trojan.XEQX-8149}, Panda:  20180506, detected: True, version: 4.6.4.2,  Trj/WLT.C}, AVware:  20180428, detected: True, version: 1.5.0.42,  Trojan.Win32.Generic!BT}, TrendMicro-HouseCall:  20180507, detected: True, version: 9.950.0.1006,  Ransom_CRYPJAFF.SM}, F-Prot:  20180507, detected: True, version: 4.7.1.166,  W32/RansomJaff.B}, AhnLab-V3:  20180506, detected: True, version: 3.12.1.20782,  Trojan/Win32.Ransom.C1954839}, Invincea:  20180503, detected: True, version: 6.3.4.26036,  heuristic}, Zoner:  20180506, detected: True, version: 1.0,  Trojan.Scatter}, Paloalto:  20180507, detected: True, version: 1.0,  generic.ml}, nProtect:  20180507, detected: True, version: 2018-05-07.01,  Ransom/W32.Scatter.176128}, MicroWorld-eScan:  20180507, detected: True, version: 14.0.297.0,  Trojan.GenericKD.5076515}, Rising:  20180507, detected: True, version: 25.0.0.1,  Ransom.Scatter!8.139C (KTSE)}, CAT-QuickHeal:  20180506, detected: True, version: 14.00,  Ransom.JAFF.A4}, VIPRE:  20180507, detected: True, version: 66494,  Trojan.Win32.Generic!BT}, VBA32:  20180504, detected: True, version: 3.12.28.0,  SScope.TrojanRansom.WannaCry}, ViRobot:  20180506, detected: True, version: 2014.3.20.0,  Trojan.Win32.Jaff.176128}, McAfee-GW-Edition:  20180506, detected: True, version: v2017.2786,  Generic.abu}, Sophos:  20180507, detected: True, version: 4.98.0,  Troj/Ransom-ELT}, Webroot:  20180507, detected: True, version: 1.0.0.403,  W32.Trojan.Ransom}, CMC:  20180506, detected: True, version: 1.1.0.977,  Trojan-Ransom.Win32!O}, TotalDefense:  20180506, detected: False, version: 37.1.62.1,  None}, Jiangmin:  20180507, detected: True, version: 16.0.100,  Trojan.Scatter.ef}, Yandex:  20180506, detected: True, version: 5.5.1.3,  Trojan.Scatter!}, NANO-Antivirus:  20180506, detected: True, version: 1.0.106.22618,  Trojan.Win32.Scatter.fadfmp}, Symantec:  20180505, detected: True, version: 1.5.0.0,  Ransom.Cryptolocker}, AegisLab:  20180507, detected: True, version: 4.2,  Troj.Ransom.W32!c}, Baidu:  20180503, detected: False, version: 1.0.0.2,  None}, Avast:  20180507, detected: True, version: 18.3.3860.0,  Win32:Rootkit-gen [Rtk]}, SentinelOne:  20180225, detected: False, version: 1.0.15.206,  None}, GData:  20180507, detected: True, version: A:25.16962B:25.12201,  Win32.Trojan-Ransom.Jaff.C}, Malwarebytes:  20180507, detected: True, version: 2.1.1.1115,  Ransom.Jaff}, Comodo:  20180506, detected: False, version: None,  None}, eGambit:  20180507, detected: False, version: v4.3.5,  None}, Babable:  20180406, detected: False, version: 9107201,  None}, Avast-Mobile:  20180506, detected: False, version: 180506-00,  None}, Bkav:  20180504, detected: False, version: 1.3.0.9466,  None}, Cylance:  20180507, detected: True, version: 2.3.1.101,  Unsafe}, TheHacker:  20180504, detected: True, version: 6.8.0.5.2767,  Trojan/Filecoder.Jaff.a}, Kingsoft:  20180507, detected: False, version: 2013.8.14.323,  None}, TrendMicro:  20180507, detected: True, version: 10.0.0.1040,  Ransom_CRYPJAFF.SM}, Ad-Aware:  20180507, detected: True, version: 3.0.5.370,  Trojan.GenericKD.5076515}, Antiy-AVL:  20180507, detected: True, version: 3.0.0.1,  Trojan[Ransom]/Win32.Scatter}, Kaspersky:  20180507, detected: True, version: 15.0.1.13,  Trojan-Ransom.Win32.Scatter.ur}, Fortinet:  20180507, detected: True, version: 5.4.247.0,  W32/Scatter.UR!tr}, BitDefender:  20180507, detected: True, version: 7.2,  Trojan.GenericKD.5076515}, Endgame:  20180504, detected: True, version: 2.1.1,  malicious (high confidence)}, ZoneAlarm:  20180507, detected: True, version: 1.0,  Trojan-Ransom.Win32.Scatter.ur}, Emsisoft:  20180507, detected: True, version: 4.0.2.899,  Trojan.GenericKD.5076515 (B)}, K7GW:  20180506, detected: True, version: 10.45.27047,  Trojan ( 0050db271 )}, Microsoft:  20180506, detected: True, version: 1.1.14800.3,  Ransom:Win32/Jaffrans.A}, DrWeb:  20180507, detected: True, version: 7.0.28.2020,  Trojan.Encoder.11429}, AVG:  20180507, detected: True, version: 18.3.3860.0,  Win32:Rootkit-gen [Rtk]}, Qihoo-360:  20180507, detected: True, version: 1.0.0.1120,  Trojan.Generic}, Ikarus:  20180506, detected: True, version: 0.1.5.2,  Trojan-Ransom.Jaff}, MAX:  20180507, detected: True, version: 2017.11.15.1,  malware (ai score=100)}, McAfee:  20180507, detected: True, version: 6.0.6.653,  Generic.abu}, K7AntiVirus:  20180507, detected: True, version: 10.45.27048,  Trojan ( 0050db271 )

AV Name,Detection,AV Version,Malware Name,AV Updated Date
ALYac:  20180506, detected: True, version: 1.1.1.5,  Trojan.Ransom.Jaff}, CrowdStrike:  20180418, detected: True, version: 1.0,  malicious_confidence_100% (W)}, SUPERAntiSpyware:  20180506, detected: True, version: 5.6.0.1032,  Ransom.Jaff/Variant}, ESET-NOD32:  20180506, detected: True, version: 17341,  Win32/Filecoder.Jaff.A}, Arcabit:  20180507, detected: True, version: 1.0.0.831,  Trojan.Generic.D4D7623}, Avira:  20180506, detected: True, version: 8.3.3.6,  TR/FileCoder.57843}, ClamAV:  20180506, detected: False, version: 0.99.2.0,  None}, Tencent:  20180507, detected: True, version: 1.0.0.1,  Win32.Trojan.Raas.Auto}, Zillya:  20180504, detected: True, version: 2.0.0.3549,  Trojan.Filecoder.Win32.5243}, F-Secure:  20180507, detected: True, version: 11.0.19100.45,  Trojan.GenericKD.5076515}, Cyren:  20180507, detected: True, version: 6.0.0.4,  W32/Trojan.XEQX-8149}, Panda:  20180506, detected: True, version: 4.6.4.2,  Trj/WLT.C}, AVware:  20180428, detected: True, version: 1.5.0.42,  Trojan.Win32.Generic!BT}, TrendMicro-HouseCall:  20180507, detected: True, version: 9.950.0.1006,  Ransom_CRYPJAFF.SM}, F-Prot:  20180507, detected: True, version: 4.7.1.166,  W32/RansomJaff.B}, AhnLab-V3:  20180506, detected: True, version: 3.12.1.20782,  Trojan/Win32.Ransom.C1954839}, Invincea:  20180503, detected: True, version: 6.3.4.26036,  heuristic}, Zoner:  20180506, detected: True, version: 1.0,  Trojan.Scatter}, Paloalto:  20180507, detected: True, version: 1.0,  generic.ml}, nProtect:  20180507, detected: True, version: 2018-05-07.01,  Ransom/W32.Scatter.176128}, MicroWorld-eScan:  20180507, detected: True, version: 14.0.297.0,  Trojan.GenericKD.5076515}, Rising:  20180507, detected: True, version: 25.0.0.1,  Ransom.Scatter!8.139C (KTSE)}, CAT-QuickHeal:  20180506, detected: True, version: 14.00,  Ransom.JAFF.A4}, VIPRE:  20180507, detected: True, version: 66494,  Trojan.Win32.Generic!BT}, VBA32:  20180504, detected: True, version: 3.12.28.0,  SScope.TrojanRansom.WannaCry}, ViRobot:  20180506, detected: True, version: 2014.3.20.0,  Trojan.Win32.Jaff.176128}, McAfee-GW-Edition:  20180506, detected: True, version: v2017.2786,  Generic.abu}, Sophos:  20180507, detected: True, version: 4.98.0,  Troj/Ransom-ELT}, Webroot:  20180507, detected: True, version: 1.0.0.403,  W32.Trojan.Ransom}, CMC:  20180506, detected: True, version: 1.1.0.977,  Trojan-Ransom.Win32!O}, TotalDefense:  20180506, detected: False, version: 37.1.62.1,  None}, Jiangmin:  20180507, detected: True, version: 16.0.100,  Trojan.Scatter.ef}, Yandex:  20180506, detected: True, version: 5.5.1.3,  Trojan.Scatter!}, NANO-Antivirus:  20180506, detected: True, version: 1.0.106.22618,  Trojan.Win32.Scatter.fadfmp}, Symantec:  20180505, detected: True, version: 1.5.0.0,  Ransom.Cryptolocker}, AegisLab:  20180507, detected: True, version: 4.2,  Troj.Ransom.W32!c}, Baidu:  20180503, detected: False, version: 1.0.0.2,  None}, Avast:  20180507, detected: True, version: 18.3.3860.0,  Win32:Rootkit-gen [Rtk]}, SentinelOne:  20180225, detected: False, version: 1.0.15.206,  None}, GData:  20180507, detected: True, version: A:25.16962B:25.12201,  Win32.Trojan-Ransom.Jaff.C}, Malwarebytes:  20180507, detected: True, version: 2.1.1.1115,  Ransom.Jaff}, Comodo:  20180506, detected: False, version: None,  None}, eGambit:  20180507, detected: False, version: v4.3.5,  None}, Babable:  20180406, detected: False, version: 9107201,  None}, Avast-Mobile:  20180506, detected: False, version: 180506-00,  None}, Bkav:  20180504, detected: False, version: 1.3.0.9466,  None}, Cylance:  20180507, detected: True, version: 2.3.1.101,  Unsafe}, TheHacker:  20180504, detected: True, version: 6.8.0.5.2767,  Trojan/Filecoder.Jaff.a}, Kingsoft:  20180507, detected: False, version: 2013.8.14.323,  None}, TrendMicro:  20180507, detected: True, version: 10.0.0.1040,  Ransom_CRYPJAFF.SM}, Ad-Aware:  20180507, detected: True, version: 3.0.5.370,  Trojan.GenericKD.5076515}, Antiy-AVL:  20180507, detected: True, version: 3.0.0.1,  Trojan[Ransom]/Win32.Scatter}, Kaspersky:  20180507, detected: True, version: 15.0.1.13,  Trojan-Ransom.Win32.Scatter.ur}, Fortinet:  20180507, detected: True, version: 5.4.247.0,  W32/Scatter.UR!tr}, BitDefender:  20180507, detected: True, version: 7.2,  Trojan.GenericKD.5076515}, Endgame:  20180504, detected: True, version: 2.1.1,  malicious (high confidence)}, ZoneAlarm:  20180507, detected: True, version: 1.0,  Trojan-Ransom.Win32.Scatter.ur}, Emsisoft:  20180507, detected: True, version: 4.0.2.899,  Trojan.GenericKD.5076515 (B)}, K7GW:  20180506, detected: True, version: 10.45.27047,  Trojan ( 0050db271 )}, Microsoft:  20180506, detected: True, version: 1.1.14800.3,  Ransom:Win32/Jaffrans.A}, DrWeb:  20180507, detected: True, version: 7.0.28.2020,  Trojan.Encoder.11429}, AVG:  20180507, detected: True, version: 18.3.3860.0,  Win32:Rootkit-gen [Rtk]}, Qihoo-360:  20180507, detected: True, version: 1.0.0.1120,  Trojan.Generic}, Ikarus:  20180506, detected: True, version: 0.1.5.2,  Trojan-Ransom.Jaff}, MAX:  20180507, detected: True, version: 2017.11.15.1,  malware (ai score=100)}, McAfee:  20180507, detected: True, version: 6.0.6.653,  Generic.abu}, K7AntiVirus:  20180507, detected: True, version: 10.45.27048,  Trojan ( 0050db271 )

AV Name,Detection,AV Version,Malware Name,AV Updated Date
ALYac:  20180506, detected: True, version: 1.1.1.5,  Trojan.Ransom.Jaff}, CrowdStrike:  20180418, detected: True, version: 1.0,  malicious_confidence_100% (W)}, SUPERAntiSpyware:  20180506, detected: True, version: 5.6.0.1032,  Ransom.Jaff/Variant}, ESET-NOD32:  20180506, detected: True, version: 17341,  Win32/Filecoder.Jaff.A}, Arcabit:  20180507, detected: True, version: 1.0.0.831,  Trojan.Generic.D4D7623}, Avira:  20180506, detected: True, version: 8.3.3.6,  TR/FileCoder.57843}, ClamAV:  20180506, detected: False, version: 0.99.2.0,  None}, Tencent:  20180507, detected: True, version: 1.0.0.1,  Win32.Trojan.Raas.Auto}, Zillya:  20180504, detected: True, version: 2.0.0.3549,  Trojan.Filecoder.Win32.5243}, F-Secure:  20180507, detected: True, version: 11.0.19100.45,  Trojan.GenericKD.5076515}, Cyren:  20180507, detected: True, version: 6.0.0.4,  W32/Trojan.XEQX-8149}, Panda:  20180506, detected: True, version: 4.6.4.2,  Trj/WLT.C}, AVware:  20180428, detected: True, version: 1.5.0.42,  Trojan.Win32.Generic!BT}, TrendMicro-HouseCall:  20180507, detected: True, version: 9.950.0.1006,  Ransom_CRYPJAFF.SM}, F-Prot:  20180507, detected: True, version: 4.7.1.166,  W32/RansomJaff.B}, AhnLab-V3:  20180506, detected: True, version: 3.12.1.20782,  Trojan/Win32.Ransom.C1954839}, Invincea:  20180503, detected: True, version: 6.3.4.26036,  heuristic}, Zoner:  20180506, detected: True, version: 1.0,  Trojan.Scatter}, Paloalto:  20180507, detected: True, version: 1.0,  generic.ml}, nProtect:  20180507, detected: True, version: 2018-05-07.01,  Ransom/W32.Scatter.176128}, MicroWorld-eScan:  20180507, detected: True, version: 14.0.297.0,  Trojan.GenericKD.5076515}, Rising:  20180507, detected: True, version: 25.0.0.1,  Ransom.Scatter!8.139C (KTSE)}, CAT-QuickHeal:  20180506, detected: True, version: 14.00,  Ransom.JAFF.A4}, VIPRE:  20180507, detected: True, version: 66494,  Trojan.Win32.Generic!BT}, VBA32:  20180504, detected: True, version: 3.12.28.0,  SScope.TrojanRansom.WannaCry}, ViRobot:  20180506, detected: True, version: 2014.3.20.0,  Trojan.Win32.Jaff.176128}, McAfee-GW-Edition:  20180506, detected: True, version: v2017.2786,  Generic.abu}, Sophos:  20180507, detected: True, version: 4.98.0,  Troj/Ransom-ELT}, Webroot:  20180507, detected: True, version: 1.0.0.403,  W32.Trojan.Ransom}, CMC:  20180506, detected: True, version: 1.1.0.977,  Trojan-Ransom.Win32!O}, TotalDefense:  20180506, detected: False, version: 37.1.62.1,  None}, Jiangmin:  20180507, detected: True, version: 16.0.100,  Trojan.Scatter.ef}, Yandex:  20180506, detected: True, version: 5.5.1.3,  Trojan.Scatter!}, NANO-Antivirus:  20180506, detected: True, version: 1.0.106.22618,  Trojan.Win32.Scatter.fadfmp}, Symantec:  20180505, detected: True, version: 1.5.0.0,  Ransom.Cryptolocker}, AegisLab:  20180507, detected: True, version: 4.2,  Troj.Ransom.W32!c}, Baidu:  20180503, detected: False, version: 1.0.0.2,  None}, Avast:  20180507, detected: True, version: 18.3.3860.0,  Win32:Rootkit-gen [Rtk]}, SentinelOne:  20180225, detected: False, version: 1.0.15.206,  None}, GData:  20180507, detected: True, version: A:25.16962B:25.12201,  Win32.Trojan-Ransom.Jaff.C}, Malwarebytes:  20180507, detected: True, version: 2.1.1.1115,  Ransom.Jaff}, Comodo:  20180506, detected: False, version: None,  None}, eGambit:  20180507, detected: False, version: v4.3.5,  None}, Babable:  20180406, detected: False, version: 9107201,  None}, Avast-Mobile:  20180506, detected: False, version: 180506-00,  None}, Bkav:  20180504, detected: False, version: 1.3.0.9466,  None}, Cylance:  20180507, detected: True, version: 2.3.1.101,  Unsafe}, TheHacker:  20180504, detected: True, version: 6.8.0.5.2767,  Trojan/Filecoder.Jaff.a}, Kingsoft:  20180507, detected: False, version: 2013.8.14.323,  None}, TrendMicro:  20180507, detected: True, version: 10.0.0.1040,  Ransom_CRYPJAFF.SM}, Ad-Aware:  20180507, detected: True, version: 3.0.5.370,  Trojan.GenericKD.5076515}, Antiy-AVL:  20180507, detected: True, version: 3.0.0.1,  Trojan[Ransom]/Win32.Scatter}, Kaspersky:  20180507, detected: True, version: 15.0.1.13,  Trojan-Ransom.Win32.Scatter.ur}, Fortinet:  20180507, detected: True, version: 5.4.247.0,  W32/Scatter.UR!tr}, BitDefender:  20180507, detected: True, version: 7.2,  Trojan.GenericKD.5076515}, Endgame:  20180504, detected: True, version: 2.1.1,  malicious (high confidence)}, ZoneAlarm:  20180507, detected: True, version: 1.0,  Trojan-Ransom.Win32.Scatter.ur}, Emsisoft:  20180507, detected: True, version: 4.0.2.899,  Trojan.GenericKD.5076515 (B)}, K7GW:  20180506, detected: True, version: 10.45.27047,  Trojan ( 0050db271 )}, Microsoft:  20180506, detected: True, version: 1.1.14800.3,  Ransom:Win32/Jaffrans.A}, DrWeb:  20180507, detected: True, version: 7.0.28.2020,  Trojan.Encoder.11429}, AVG:  20180507, detected: True, version: 18.3.3860.0,  Win32:Rootkit-gen [Rtk]}, Qihoo-360:  20180507, detected: True, version: 1.0.0.1120,  Trojan.Generic}, Ikarus:  20180506, detected: True, version: 0.1.5.2,  Trojan-Ransom.Jaff}, MAX:  20180507, detected: True, version: 2017.11.15.1,  malware (ai score=100)}, McAfee:  20180507, detected: True, version: 6.0.6.653,  Generic.abu}, K7AntiVirus:  20180507, detected: True, version: 10.45.27048,  Trojan ( 0050db271 )

AV Name,Detection,AV Version,Malware Name,AV Updated Date
eGambit:  None, detected: False, version: v4.3.5,  20180507}, Yandex:  Trojan.Scatter!, detected: True, version: 5.5.1.3,  20180506}, Cylance:  Unsafe, detected: True, version: 2.3.1.101,  20180507}, Qihoo-360:  Trojan.Generic, detected: True, version: 1.0.0.1120,  20180507}, Zillya:  Trojan.Filecoder.Win32.5243, detected: True, version: 2.0.0.3549,  20180504}, ZoneAlarm:  Trojan-Ransom.Win32.Scatter.ur, detected: True, version: 1.0,  20180507}, VIPRE:  Trojan.Win32.Generic!BT, detected: True, version: 66494,  20180507}, ClamAV:  None, detected: False, version: 0.99.2.0,  20180506}, BitDefender:  Trojan.GenericKD.5076515, detected: True, version: 7.2,  20180507}, VBA32:  SScope.TrojanRansom.WannaCry, detected: True, version: 3.12.28.0,  20180504}, TheHacker:  Trojan/Filecoder.Jaff.a, detected: True, version: 6.8.0.5.2767,  20180504}, Avast:  Win32:Rootkit-gen [Rtk], detected: True, version: 18.3.3860.0,  20180507}, Antiy-AVL:  Trojan[Ransom]/Win32.Scatter, detected: True, version: 3.0.0.1,  20180507}, Ad-Aware:  Trojan.GenericKD.5076515, detected: True, version: 3.0.5.370,  20180507}, Webroot:  W32.Trojan.Ransom, detected: True, version: 1.0.0.403,  20180507}, TrendMicro:  Ransom_CRYPJAFF.SM, detected: True, version: 10.0.0.1040,  20180507}, Rising:  Ransom.Scatter!8.139C (KTSE), detected: True, version: 25.0.0.1,  20180507}, TotalDefense:  None, detected: False, version: 37.1.62.1,  20180506}, Emsisoft:  Trojan.GenericKD.5076515 (B), detected: True, version: 4.0.2.899,  20180507}, Invincea:  heuristic, detected: True, version: 6.3.4.26036,  20180503}, AegisLab:  Troj.Ransom.W32!c, detected: True, version: 4.2,  20180507}, Comodo:  None, detected: False, version: None,  20180506}, Fortinet:  W32/Scatter.UR!tr, detected: True, version: 5.4.247.0,  20180507}, Avira:  TR/FileCoder.57843, detected: True, version: 8.3.3.6,  20180506}, ViRobot:  Trojan.Win32.Jaff.176128, detected: True, version: 2014.3.20.0,  20180506}, nProtect:  Ransom/W32.Scatter.176128, detected: True, version: 2018-05-07.01,  20180507}, Ikarus:  Trojan-Ransom.Jaff, detected: True, version: 0.1.5.2,  20180506}, ESET-NOD32:  Win32/Filecoder.Jaff.A, detected: True, version: 17341,  20180506}, Kaspersky:  Trojan-Ransom.Win32.Scatter.ur, detected: True, version: 15.0.1.13,  20180507}, K7AntiVirus:  Trojan ( 0050db271 ), detected: True, version: 10.45.27048,  20180507}, Sophos:  Troj/Ransom-ELT, detected: True, version: 4.98.0,  20180507}, SentinelOne:  None, detected: False, version: 1.0.15.206,  20180225}, ALYac:  Trojan.Ransom.Jaff, detected: True, version: 1.1.1.5,  20180506}, NANO-Antivirus:  Trojan.Win32.Scatter.fadfmp, detected: True, version: 1.0.106.22618,  20180506}, AhnLab-V3:  Trojan/Win32.Ransom.C1954839, detected: True, version: 3.12.1.20782,  20180506}, Panda:  Trj/WLT.C, detected: True, version: 4.6.4.2,  20180506}, K7GW:  Trojan ( 0050db271 ), detected: True, version: 10.45.27047,  20180506}, McAfee:  Generic.abu, detected: True, version: 6.0.6.653,  20180507}, GData:  Win32.Trojan-Ransom.Jaff.C, detected: True, version: A:25.16962B:25.12201,  20180507}, Baidu:  None, detected: False, version: 1.0.0.2,  20180503}, AVware:  Trojan.Win32.Generic!BT, detected: True, version: 1.5.0.42,  20180428}, Babable:  None, detected: False, version: 9107201,  20180406}, Bkav:  None, detected: False, version: 1.3.0.9466,  20180504}, F-Prot:  W32/RansomJaff.B, detected: True, version: 4.7.1.166,  20180507}, Zoner:  Trojan.Scatter, detected: True, version: 1.0,  20180506}, Tencent:  Win32.Trojan.Raas.Auto, detected: True, version: 1.0.0.1,  20180507}, Avast-Mobile:  None, detected: False, version: 180506-00,  20180506}, SUPERAntiSpyware:  Ransom.Jaff/Variant, detected: True, version: 5.6.0.1032,  20180506}, McAfee-GW-Edition:  Generic.abu, detected: True, version: v2017.2786,  20180506}, DrWeb:  Trojan.Encoder.11429, detected: True, version: 7.0.28.2020,  20180507}, MicroWorld-eScan:  Trojan.GenericKD.5076515, detected: True, version: 14.0.297.0,  20180507}, CrowdStrike:  malicious_confidence_100% (W), detected: True, version: 1.0,  20180418}, CMC:  Trojan-Ransom.Win32!O, detected: True, version: 1.1.0.977,  20180506}, Paloalto:  generic.ml, detected: True, version: 1.0,  20180507}, Malwarebytes:  Ransom.Jaff, detected: True, version: 2.1.1.1115,  20180507}, Microsoft:  Ransom:Win32/Jaffrans.A, detected: True, version: 1.1.14800.3,  20180506}, AVG:  Win32:Rootkit-gen [Rtk], detected: True, version: 18.3.3860.0,  20180507}, CAT-QuickHeal:  Ransom.JAFF.A4, detected: True, version: 14.00,  20180506}, TrendMicro-HouseCall:  Ransom_CRYPJAFF.SM, detected: True, version: 9.950.0.1006,  20180507}, Symantec:  Ransom.Cryptolocker, detected: True, version: 1.5.0.0,  20180505}, Arcabit:  Trojan.Generic.D4D7623, detected: True, version: 1.0.0.831,  20180507}, Cyren:  W32/Trojan.XEQX-8149, detected: True, version: 6.0.0.4,  20180507}, Jiangmin:  Trojan.Scatter.ef, detected: True, version: 16.0.100,  20180507}, Kingsoft:  None, detected: False, version: 2013.8.14.323,  20180507}, Endgame:  malicious (high confidence), detected: True, version: 2.1.1,  20180504}, MAX:  malware (ai score=100), detected: True, version: 2017.11.15.1,  20180507}, F-Secure:  Trojan.GenericKD.5076515, detected: True, version: 11.0.19100.45,  20180507

AV Name,Detection,AV Version,Malware Name,AV Updated Date
eGambit:  None, detected: False, version: v4.3.5,  20180507}, Yandex:  Trojan.Scatter!, detected: True, version: 5.5.1.3,  20180506}, Cylance:  Unsafe, detected: True, version: 2.3.1.101,  20180507}, Qihoo-360:  Trojan.Generic, detected: True, version: 1.0.0.1120,  20180507}, Zillya:  Trojan.Filecoder.Win32.5243, detected: True, version: 2.0.0.3549,  20180504}, ZoneAlarm:  Trojan-Ransom.Win32.Scatter.ur, detected: True, version: 1.0,  20180507}, VIPRE:  Trojan.Win32.Generic!BT, detected: True, version: 66494,  20180507}, ClamAV:  None, detected: False, version: 0.99.2.0,  20180506}, BitDefender:  Trojan.GenericKD.5076515, detected: True, version: 7.2,  20180507}, VBA32:  SScope.TrojanRansom.WannaCry, detected: True, version: 3.12.28.0,  20180504}, TheHacker:  Trojan/Filecoder.Jaff.a, detected: True, version: 6.8.0.5.2767,  20180504}, Avast:  Win32:Rootkit-gen [Rtk], detected: True, version: 18.3.3860.0,  20180507}, Antiy-AVL:  Trojan[Ransom]/Win32.Scatter, detected: True, version: 3.0.0.1,  20180507}, Ad-Aware:  Trojan.GenericKD.5076515, detected: True, version: 3.0.5.370,  20180507}, Webroot:  W32.Trojan.Ransom, detected: True, version: 1.0.0.403,  20180507}, TrendMicro:  Ransom_CRYPJAFF.SM, detected: True, version: 10.0.0.1040,  20180507}, Rising:  Ransom.Scatter!8.139C (KTSE), detected: True, version: 25.0.0.1,  20180507}, TotalDefense:  None, detected: False, version: 37.1.62.1,  20180506}, Emsisoft:  Trojan.GenericKD.5076515 (B), detected: True, version: 4.0.2.899,  20180507}, Invincea:  heuristic, detected: True, version: 6.3.4.26036,  20180503}, AegisLab:  Troj.Ransom.W32!c, detected: True, version: 4.2,  20180507}, Comodo:  None, detected: False, version: None,  20180506}, Fortinet:  W32/Scatter.UR!tr, detected: True, version: 5.4.247.0,  20180507}, Avira:  TR/FileCoder.57843, detected: True, version: 8.3.3.6,  20180506}, ViRobot:  Trojan.Win32.Jaff.176128, detected: True, version: 2014.3.20.0,  20180506}, nProtect:  Ransom/W32.Scatter.176128, detected: True, version: 2018-05-07.01,  20180507}, Ikarus:  Trojan-Ransom.Jaff, detected: True, version: 0.1.5.2,  20180506}, ESET-NOD32:  Win32/Filecoder.Jaff.A, detected: True, version: 17341,  20180506}, Kaspersky:  Trojan-Ransom.Win32.Scatter.ur, detected: True, version: 15.0.1.13,  20180507}, K7AntiVirus:  Trojan ( 0050db271 ), detected: True, version: 10.45.27048,  20180507}, Sophos:  Troj/Ransom-ELT, detected: True, version: 4.98.0,  20180507}, SentinelOne:  None, detected: False, version: 1.0.15.206,  20180225}, ALYac:  Trojan.Ransom.Jaff, detected: True, version: 1.1.1.5,  20180506}, NANO-Antivirus:  Trojan.Win32.Scatter.fadfmp, detected: True, version: 1.0.106.22618,  20180506}, AhnLab-V3:  Trojan/Win32.Ransom.C1954839, detected: True, version: 3.12.1.20782,  20180506}, Panda:  Trj/WLT.C, detected: True, version: 4.6.4.2,  20180506}, K7GW:  Trojan ( 0050db271 ), detected: True, version: 10.45.27047,  20180506}, McAfee:  Generic.abu, detected: True, version: 6.0.6.653,  20180507}, GData:  Win32.Trojan-Ransom.Jaff.C, detected: True, version: A:25.16962B:25.12201,  20180507}, Baidu:  None, detected: False, version: 1.0.0.2,  20180503}, AVware:  Trojan.Win32.Generic!BT, detected: True, version: 1.5.0.42,  20180428}, Babable:  None, detected: False, version: 9107201,  20180406}, Bkav:  None, detected: False, version: 1.3.0.9466,  20180504}, F-Prot:  W32/RansomJaff.B, detected: True, version: 4.7.1.166,  20180507}, Zoner:  Trojan.Scatter, detected: True, version: 1.0,  20180506}, Tencent:  Win32.Trojan.Raas.Auto, detected: True, version: 1.0.0.1,  20180507}, Avast-Mobile:  None, detected: False, version: 180506-00,  20180506}, SUPERAntiSpyware:  Ransom.Jaff/Variant, detected: True, version: 5.6.0.1032,  20180506}, McAfee-GW-Edition:  Generic.abu, detected: True, version: v2017.2786,  20180506}, DrWeb:  Trojan.Encoder.11429, detected: True, version: 7.0.28.2020,  20180507}, MicroWorld-eScan:  Trojan.GenericKD.5076515, detected: True, version: 14.0.297.0,  20180507}, CrowdStrike:  malicious_confidence_100% (W), detected: True, version: 1.0,  20180418}, CMC:  Trojan-Ransom.Win32!O, detected: True, version: 1.1.0.977,  20180506}, Paloalto:  generic.ml, detected: True, version: 1.0,  20180507}, Malwarebytes:  Ransom.Jaff, detected: True, version: 2.1.1.1115,  20180507}, Microsoft:  Ransom:Win32/Jaffrans.A, detected: True, version: 1.1.14800.3,  20180506}, AVG:  Win32:Rootkit-gen [Rtk], detected: True, version: 18.3.3860.0,  20180507}, CAT-QuickHeal:  Ransom.JAFF.A4, detected: True, version: 14.00,  20180506}, TrendMicro-HouseCall:  Ransom_CRYPJAFF.SM, detected: True, version: 9.950.0.1006,  20180507}, Symantec:  Ransom.Cryptolocker, detected: True, version: 1.5.0.0,  20180505}, Arcabit:  Trojan.Generic.D4D7623, detected: True, version: 1.0.0.831,  20180507}, Cyren:  W32/Trojan.XEQX-8149, detected: True, version: 6.0.0.4,  20180507}, Jiangmin:  Trojan.Scatter.ef, detected: True, version: 16.0.100,  20180507}, Kingsoft:  None, detected: False, version: 2013.8.14.323,  20180507}, Endgame:  malicious (high confidence), detected: True, version: 2.1.1,  20180504}, MAX:  malware (ai score=100), detected: True, version: 2017.11.15.1,  20180507}, F-Secure:  Trojan.GenericKD.5076515, detected: True, version: 11.0.19100.45,  20180507

AV Name,Detection,AV Version,Malware Name,AV Updated Date
ClamAV:  20180506, detected: False, version: 0.99.2.0,  None}, Kingsoft:  20180507, detected: False, version: 2013.8.14.323,  None}, TrendMicro:  20180507, detected: True, version: 10.0.0.1040,  Ransom_CRYPJAFF.SM}, GData:  20180507, detected: True, version: A:25.16962B:25.12201,  Win32.Trojan-Ransom.Jaff.C}, CMC:  20180506, detected: True, version: 1.1.0.977,  Trojan-Ransom.Win32!O}, Qihoo-360:  20180507, detected: True, version: 1.0.0.1120,  Trojan.Generic}, Paloalto:  20180507, detected: True, version: 1.0,  generic.ml}, Symantec:  20180505, detected: True, version: 1.5.0.0,  Ransom.Cryptolocker}, NANO-Antivirus:  20180506, detected: True, version: 1.0.106.22618,  Trojan.Win32.Scatter.fadfmp}, Endgame:  20180504, detected: True, version: 2.1.1,  malicious (high confidence)}, K7GW:  20180506, detected: True, version: 10.45.27047,  Trojan ( 0050db271 )}, TheHacker:  20180504, detected: True, version: 6.8.0.5.2767,  Trojan/Filecoder.Jaff.a}, Rising:  20180507, detected: True, version: 25.0.0.1,  Ransom.Scatter!8.139C (KTSE)}, VBA32:  20180504, detected: True, version: 3.12.28.0,  SScope.TrojanRansom.WannaCry}, nProtect:  20180507, detected: True, version: 2018-05-07.01,  Ransom/W32.Scatter.176128}, Malwarebytes:  20180507, detected: True, version: 2.1.1.1115,  Ransom.Jaff}, Jiangmin:  20180507, detected: True, version: 16.0.100,  Trojan.Scatter.ef}, Emsisoft:  20180507, detected: True, version: 4.0.2.899,  Trojan.GenericKD.5076515 (B)}, F-Prot:  20180507, detected: True, version: 4.7.1.166,  W32/RansomJaff.B}, McAfee:  20180507, detected: True, version: 6.0.6.653,  Generic.abu}, Antiy-AVL:  20180507, detected: True, version: 3.0.0.1,  Trojan[Ransom]/Win32.Scatter}, Sophos:  20180507, detected: True, version: 4.98.0,  Troj/Ransom-ELT}, Invincea:  20180503, detected: True, version: 6.3.4.26036,  heuristic}, Kaspersky:  20180507, detected: True, version: 15.0.1.13,  Trojan-Ransom.Win32.Scatter.ur}, Ikarus:  20180506, detected: True, version: 0.1.5.2,  Trojan-Ransom.Jaff}, Avast-Mobile:  20180506, detected: False, version: 180506-00,  None}, Cylance:  20180507, detected: True, version: 2.3.1.101,  Unsafe}, Zillya:  20180504, detected: True, version: 2.0.0.3549,  Trojan.Filecoder.Win32.5243}, DrWeb:  20180507, detected: True, version: 7.0.28.2020,  Trojan.Encoder.11429}, ALYac:  20180506, detected: True, version: 1.1.1.5,  Trojan.Ransom.Jaff}, Microsoft:  20180506, detected: True, version: 1.1.14800.3,  Ransom:Win32/Jaffrans.A}, Yandex:  20180506, detected: True, version: 5.5.1.3,  Trojan.Scatter!}, Webroot:  20180507, detected: True, version: 1.0.0.403,  W32.Trojan.Ransom}, Zoner:  20180506, detected: True, version: 1.0,  Trojan.Scatter}, Bkav:  20180504, detected: False, version: 1.3.0.9466,  None}, Babable:  20180406, detected: False, version: 9107201,  None}, BitDefender:  20180507, detected: True, version: 7.2,  Trojan.GenericKD.5076515}, AVG:  20180507, detected: True, version: 18.3.3860.0,  Win32:Rootkit-gen [Rtk]}, AVware:  20180428, detected: True, version: 1.5.0.42,  Trojan.Win32.Generic!BT}, ZoneAlarm:  20180507, detected: True, version: 1.0,  Trojan-Ransom.Win32.Scatter.ur}, Fortinet:  20180507, detected: True, version: 5.4.247.0,  W32/Scatter.UR!tr}, SentinelOne:  20180225, detected: False, version: 1.0.15.206,  None}, ESET-NOD32:  20180506, detected: True, version: 17341,  Win32/Filecoder.Jaff.A}, F-Secure:  20180507, detected: True, version: 11.0.19100.45,  Trojan.GenericKD.5076515}, Cyren:  20180507, detected: True, version: 6.0.0.4,  W32/Trojan.XEQX-8149}, TrendMicro-HouseCall:  20180507, detected: True, version: 9.950.0.1006,  Ransom_CRYPJAFF.SM}, ViRobot:  20180506, detected: True, version: 2014.3.20.0,  Trojan.Win32.Jaff.176128}, Panda:  20180506, detected: True, version: 4.6.4.2,  Trj/WLT.C}, McAfee-GW-Edition:  20180506, detected: True, version: v2017.2786,  Generic.abu}, VIPRE:  20180507, detected: True, version: 66494,  Trojan.Win32.Generic!BT}, AhnLab-V3:  20180506, detected: True, version: 3.12.1.20782,  Trojan/Win32.Ransom.C1954839}, Ad-Aware:  20180507, detected: True, version: 3.0.5.370,  Trojan.GenericKD.5076515}, CrowdStrike:  20180418, detected: True, version: 1.0,  malicious_confidence_100% (W)}, AegisLab:  20180507, detected: True, version: 4.2,  Troj.Ransom.W32!c}, Arcabit:  20180507, detected: True, version: 1.0.0.831,  Trojan.Generic.D4D7623}, Avira:  20180506, detected: True, version: 8.3.3.6,  TR/FileCoder.57843}, Tencent:  20180507, detected: True, version: 1.0.0.1,  Win32.Trojan.Raas.Auto}, SUPERAntiSpyware:  20180506, detected: True, version: 5.6.0.1032,  Ransom.Jaff/Variant}, K7AntiVirus:  20180507, detected: True, version: 10.45.27048,  Trojan ( 0050db271 )}, TotalDefense:  20180506, detected: False, version: 37.1.62.1,  None}, CAT-QuickHeal:  20180506, detected: True, version: 14.00,  Ransom.JAFF.A4}, MAX:  20180507, detected: True, version: 2017.11.15.1,  malware (ai score=100)}, Comodo:  20180506, detected: False, version: None,  None}, eGambit:  20180507, detected: False, version: v4.3.5,  None}, Avast:  20180507, detected: True, version: 18.3.3860.0,  Win32:Rootkit-gen [Rtk]}, MicroWorld-eScan:  20180507, detected: True, version: 14.0.297.0,  Trojan.GenericKD.5076515}, Baidu:  20180503, detected: False, version: 1.0.0.2,  None

